id,category_ja,family_ja,name_ja,description_ja
1,攻撃系,メラ系,メラ,てきをひのたまでこうげき
2,攻撃系,メラ系,メラミ,おおきなひのたまでこうげき
3,攻撃系,メラ系,メラゾーマ,ひばしらでてきをやきつくす
4,攻撃系,メラ系,かえんぎり,もえるほのおのけんぎ
5,攻撃系,メラ系,ビッグバン,（全）ものすごいだいばくはつ
6,攻撃系,ギラ系,ギラ,（全）てきをほのおでこうげき
7,攻撃系,ギラ系,ベキラマ,（全）てきをほのおでつつみこむ
8,攻撃系,ギラ系,ベギラゴン,（全）すごいほのおがもえあがる
9,攻撃系,イオ系,イオ,（全）てきをばくはつでこうげき
10,攻撃系,イオ系,イオラ,（全）れんぞくでばくはつ
11,攻撃系,イオ系,イオナズン,（全）すさまじいばくはつ
12,攻撃系,バギ系,バギ,（全）てきをかまいたちでこうげき
13,攻撃系,バギ系,バギマ,（全）てきをたつまきでこうげき
14,攻撃系,バギ系,バギクロス,（全）すごいたつまきがふきあれる
15,攻撃系,バギ系,かまいたち,てきにむけてかまいたちをはなつ
16,攻撃系,バギ系,しんくうは,（全）すごいしんくうをまきおこす
17,攻撃系,バギ系,しんくうぎり,うずまくしんくうのけんぎ
18,攻撃系,バギ系,グランドクロス,（全）てきをじゅうじにきりさく
19,攻撃系,ディン系,ディン,（全）てきをかみなりでこうげき
20,攻撃系,ディン系,ライディン,（全）てきにいなずまがおちる
21,攻撃系,ディン系,ギガディン,（全）すごいいなずまがまきおこる
22,攻撃系,ディン系,いなずま,（全）いなずまをよびよせる
23,攻撃系,ディン系,いなずまぎり,ひかるいなずまのけんぎ
24,攻撃系,ディン系,ジゴスパーク,（全）すごいいなずまでこうげき
25,攻撃系,ヒャド系,ヒャド,（全）てきをこおりでこうげき
26,攻撃系,ヒャド系,ヒャダルコ,（全）てきをこおりつかせる
27,攻撃系,ヒャド系,マヒャド,（全）すごいふぶきがふきつける
28,攻撃系,ヒャド系,マヒャドぎり,いてつくこおりのけんぎ
29,攻撃系,ザキ系,ザキ,いっしゅんでいきのねをとめる
30,攻撃系,ザキ系,ザラキ,（全）いきのねをとめる
31,攻撃系,ザキ系,しのおどり,（全）いっしゅんでてきをたおす
32,攻撃系,メガンテ系,メガンテ,（全）じばくしててきをたおす
33,攻撃系,メガンテ系,たいあたり,こんしんのちからでたいあたり
34,攻撃系,メガンテ系,とっこう,てきもじぶんもひんしに
35,攻撃系,マダンテ系,マダンテ,（全）さいきょうのまほう
36,攻撃系,仲間系,がんせきおとし,（全）てきにおおいわをブンなげる
37,攻撃系,仲間系,なかまをよぶ,なかまをよんでこうげき
38,攻撃系,仲間系,おおごえでさけぶ,おおぜいのなかまをよんでこうげき
39,攻撃系,炎系,ひのいき,（全）くちからひをはく
40,攻撃系,炎系,かえんのいき,（全）もえるほのおをくちからはく
41,攻撃系,炎系,はげしいほのお,（全）すごいほのおでやきつくす
42,攻撃系,炎系,しゃくねつ,（全）そうぞうをこえるほのお
43,攻撃系,吹雪系,つめたいいき,（全）くちかられいきをはく
44,攻撃系,吹雪系,こおりのいき,（全）てきをこおらせるいきをはく
45,攻撃系,吹雪系,こごえるふぶき,（全）すごいいきおいのふぶきをはく
46,攻撃系,吹雪系,かがやくいき,（全）しろくかがやくいきをはく
47,攻撃系,毒系,どくこうげき,こうげきしたあいてをどくでおかす
48,攻撃系,マヒ系,まひこうげき,こうげきしたあいてをマヒさせる
49,攻撃系,ラリホー系,ねむりこうげき,こうげきしたあいてをねむらせる
50,攻撃系,ギガスラッシュ系,ギガスラッシュ,さいきょうのけんぎ
51,攻撃系,攻撃系,もろばぎり,きけんをかえりみずこうげきする
52,攻撃系,攻撃系,あくまぎり,あくまにたいしてだいダメージ
53,攻撃系,攻撃系,しっぷうづき,さいしょにこうげきできる
54,攻撃系,攻撃系,スライムたたき,スライムにたいしてだいダメージ
55,攻撃系,攻撃系,ゾンビぎり,ゾンビにたいしてだいダメージ
56,攻撃系,攻撃系,だいせつだん,ぶっしつにたいしてだいダメージ
57,攻撃系,攻撃系,つばめがえし,とりにたいしてだいダメージ
58,攻撃系,攻撃系,ドラゴンぎり,ドラゴンにたいしてだいダメージ
59,攻撃系,攻撃系,メタルぎり,かたいてきにかくじつにダメージ
60,攻撃系,攻撃系,けものぎり,けものにたいしてだいダメージ
61,攻撃系,攻撃系,こうらがえし,むしにたいしてだいダメージ
62,攻撃系,攻撃系,えだはらい,しょくぶつにたいしてだいダメージ
63,攻撃系,攻撃系,すてみ,すてみになってこうげき
64,攻撃系,攻撃系,さみだれぎり,（全）てきぜんいんにこうげき
65,攻撃系,攻撃系,まじんぎり,まじんのようにこうげき
66,攻撃系,攻撃系,れんぞくこうげき,2かいれんぞくでこうげき
67,攻撃系,攻撃系,ばくれつけん,4かいれんぞくでこうげき
68,攻撃系,攻撃系,みなごろし,てきかみかたにだいダメージ
69,補助系,マヌーサ系,マヌーサ,（全）てきをまぼろしでつつみこむ
70,補助系,マヌーサ系,すなけむり,（全）すなけむりをまきおこす
71,補助系,マヌーサ系,まぶしいひかり,（全）すごいひかりでめくらまし
72,補助系,ラリホー系,ラリホー,てきをねむらせる
73,補助系,ラリホー系,ラリホーマ,（全）てきぜんいんをねむらせる
74,補助系,ラリホー系,あまいいき,（全）てきをあまいいきでねむらせる
75,補助系,ザキ系,ぶきみなひかり,（全）てきをまほうによわくする
76,補助系,ザキ系,やみのはどう,てきをおおはばによわくする
77,補助系,マホトラ系,マホトラ,てきのMPをすいとる
78,補助系,マホトラ系,ふしぎなおどり,おどっててきのMPをへらす
79,補助系,マホトラ系,マホトラおどり,おどっててきのMPをすいとる
80,補助系,マホトーン系,マホトーン,（全）てきのまほうをふうじこめる
81,補助系,メダパニ系,メダパニ,てきをこんらんさせる
82,補助系,メダパニ系,メダパニダンス,（全）てきをこんらんさせる
83,補助系,ルカニ系,ルカニ,てきのしゅびりょくダウン
84,補助系,ルカニ系,ルカナン,（全）てきのしゅびりょくダウン
85,補助系,ルカニ系,ひゃくれつなめ,なめまわしてしゅびりょくダウン
86,補助系,呪い系,のろいのことば,（全）てきをのろうことができる
87,補助系,ボミエ系,ボミエ,てきのすばやさダウン
88,補助系,ボミエ系,ボミオス,（全）てきのすばやさダウン
89,補助系,マヒ系,やけつくいき,（全）てきをマヒさせる
90,補助系,毒系,どくのいき,（全）てきをどくでおかす
91,補助系,毒系,もうどくのいき,（全）てきをもうどくでおかす
92,補助系,踊り封じ系,おどりふうじ,（全）てきのおどりをふうじこめる
93,補助系,息封じ系,くちをふさぐ,てきのいきをふうじこめる
94,補助系,休み系,あしばらい,てきのあしをはらってころばせる
95,補助系,休み系,すいめんげり,（全）てきをぜんいんころばせる
96,補助系,休み系,ぱふぱふ,やわらかくてとてもきもちがいい
97,補助系,休み系,おたけび,（全）すごいおおごえでてきをとめる
98,補助系,休み系,さそうおどり,ゆかいなおどりでてきをさそう
99,補助系,休み系,なめまわし,なめまわしてうごきをとめる
100,補助系,防御系,マジックバリア,（全）まほうにたいしてつよくなる
101,補助系,防御系,スカラ,みかたのしゅびりょくアップ
102,補助系,防御系,スクルト,（全）みかたしゅびりょくアップ
103,補助系,防御系,マホターン,まほうをいちどだけはねかえす
104,補助系,防御系,マホカンタ,うけたまほうをはねかえす
105,補助系,防御系,みかわしきゃく,ステップをふんでみがるになる
106,補助系,防御系,フバーハ,（全）いきのダメージをへらす
107,補助系,防御系,やいばのぼうぎょ,はんげきするべくみがまえる
108,補助系,防御系,みがわり,なかまへのこうげきをうけとめる
109,補助系,防御系,におうだち,こうげきをすべてうける
110,補助系,防御系,おいかぜ,うけたいきをはねかえす
111,補助系,防御系,きょうふう,（全）いきをはねかえす
112,補助系,防御系,すべてをすいこむ,（全）いきをすべてすいこむ
113,補助系,防御系,だいぼうぎょ,あらゆるこうげきにそなえる
114,補助系,防御系,うけながし,こうげきをうけながす
115,補助系,防御系,アストロン,（全）みかたぜんいんをてつにかえる
116,補助系,補助系,ピオラ,みかたのすばやさアップ
117,補助系,補助系,ピオリム,（全）みかたすばやさアップ
118,補助系,補助系,マホキテ,うけたぶんのMPをきゅうしゅう
119,補助系,補助系,バイキルト,あたえるダメージを2ばいにする
120,補助系,補助系,パルプンテ,なにがおこるかわからない
121,補助系,補助系,モシャス,てきのすがたにへんしんする
122,補助系,補助系,ちからをためる,つぎのこうげきでだいダメージ
123,補助系,補助系,いきをすいこむ,（全）いきをすべてすいこむ
124,補助系,補助系,せいしんとういつ,2かいれんぞくでこうげき
125,補助系,補助系,きあいをためる,ターンのさいごにだいダメージ
126,補助系,補助系,まねまね,うけたこうげきをまねする
127,補助系,補助系,いてつくはどう,（全）まほうのこうかをけす
128,補助系,補助系,くろいきり,まほうをつかえないきりをだす
129,補助系,補助系,たかくとびあがる,とびあがりつぎのターンこうげき
130,補助系,補助系,ドラゴラム,りゅうのすがたにへんしん
131,補助系,召喚獣,タッツウしょうかん,タッツウをよびだしたたかわせる
132,補助系,召喚獣,デアゴしょうかん,デアゴをよびだしたたかわせる
133,補助系,召喚獣,サムシンしょうかん,サムシンをよびだしたたかわせる
134,補助系,召喚獣,バズウしょうかん,バズウをよびだしたたかわせる
135,回復呪文,HP回復系,ホイミ,HPを30～40かいふくする
136,回復呪文,HP回復系,ベホイミ,HPを75～90かいふくする
137,回復呪文,HP回復系,ベホマ,HPをさいだいまでかいふくする
138,回復呪文,HP回復系,ベホマラー,（全）HPを90～120かいふくする
139,回復呪文,HP回復系,ベホマズン,（全）HPをさいだいまでかいふくする
140,回復呪文,HP回復系,ハッスルダンス,（全）HPを70～80かいふくする
141,回復呪文,HP回復系,めいそう,めいそうしてHPを500かいふくする
142,回復呪文,異常回復系,ひかりのはどう,（全）どんなじょうたいもかいふくする
143,回復呪文,異常回復系,キアリー,どくをからだからけしさる
144,回復呪文,異常回復系,キアラル,なかまのこんらんをしずめる
145,回復呪文,異常回復系,シャナク,のろいをからだからけしさる
146,回復呪文,異常回復系,キアリク,マヒやねむりをさます
147,回復呪文,蘇生系,メガザル,（全）いのちとひきかえにふっかつ
148,回復呪文,蘇生系,メガザルダンス,（全）ふっかつさせる
149,回復呪文,蘇生系,ザオラル,しぼうからふっかつさせる
150,回復呪文,蘇生系,ザオリク,しぼうからふっかつさせる
151,回復呪文,蘇生系,せいれいのうた,（全）ふっかつさせる
152,補助系,地図系,くちぶえ,まものをひきよせる
153,補助系,地図系,トラマナ,ちけいからダメージをうけなくなる
154,補助系,地図系,レミラーマ,まわりのちけいがみられる
